ID,Issues Detected,Function Name,Demangled Name,Process,Device Name,Grid Size,Block Size,Cycles [cycle],Duration [msecond],Compute Throughput [%],Memory Throughput [%],# Registers [register/thread]
0,11,StaticWaveGeneration,"StaticWaveGeneration(double *, double *)",[446416] waveform_synthesis,Quadro RTX 6000," 1024,    1,    1","  256,    1,    1","502,953",0.35,82.33,8.49,46
1,12,FinalWaveGeneration,"FinalWaveGeneration(double *, double *, int *, short *)",[446416] waveform_synthesis,Quadro RTX 6000," 1024,    1,    1","  256,    1,    1","401,580",0.28,83.11,1.76,43
2,11,StaticCombine,"StaticCombine(double *, short **)",[446416] waveform_synthesis,Quadro RTX 6000," 1024,    1,    1","  256,    1,    1","74,245",0.05,32.09,71.31,36
3,11,SavedStaticCombine,"SavedStaticCombine(double *, short **, short **, int *)",[446416] waveform_synthesis,Quadro RTX 6000," 1024,    1,    1","  256,    1,    1","39,099",0.03,56.30,64.42,34
4,13,DynamicListWorker,"DynamicListWorker(double *, double *, int *, double *, double *, double *)",[446416] waveform_synthesis,Quadro RTX 6000,"    1,    1,    1","   32,    1,    1","5,539",0.00,0.08,0.20,31
5,10,ratio_calc,ratio_calc(double *),[446416] waveform_synthesis,Quadro RTX 6000,"109568,    1,    1","  256,    1,    1","3,057,982",2.14,89.34,19.20,28
6,12,FinalCombine,"FinalCombine(short **, short *, short *)",[446416] waveform_synthesis,Quadro RTX 6000," 1024,    1,    1","  256,    1,    1","26,049",0.02,17.31,61.34,32
7,12,StaticMux,"StaticMux(short **, short *)",[446416] waveform_synthesis,Quadro RTX 6000," 1024,    1,    1","  256,    1,    1","19,112",0.02,15.65,59.72,28
8,12,StaticMux,"StaticMux(short **, short *)",[446416] waveform_synthesis,Quadro RTX 6000," 1024,    1,    1","  256,    1,    1","19,494",0.02,15.29,95.48,28
9,12,StaticMux,"StaticMux(short **, short *)",[446416] waveform_synthesis,Quadro RTX 6000," 1024,    1,    1","  256,    1,    1","19,282",0.02,15.46,60.55,28
10,12,StaticMux,"StaticMux(short **, short *)",[446416] waveform_synthesis,Quadro RTX 6000," 1024,    1,    1","  256,    1,    1","19,459",0.02,15.31,59.84,28
11,12,StaticMux,"StaticMux(short **, short *)",[446416] waveform_synthesis,Quadro RTX 6000," 1024,    1,    1","  256,    1,    1","19,534",0.02,15.33,58.33,28
12,12,StaticMux,"StaticMux(short **, short *)",[446416] waveform_synthesis,Quadro RTX 6000," 1024,    1,    1","  256,    1,    1","19,173",0.02,15.56,87.97,28
13,11,StaticMux,"StaticMux(short **, short *)",[446416] waveform_synthesis,Quadro RTX 6000," 1024,    1,    1","  256,    1,    1","19,378",0.02,15.40,60.01,28
14,11,StaticMux,"StaticMux(short **, short *)",[446416] waveform_synthesis,Quadro RTX 6000," 1024,    1,    1","  256,    1,    1","26,892",0.02,11.07,43.29,28
15,11,StaticMux,"StaticMux(short **, short *)",[446416] waveform_synthesis,Quadro RTX 6000," 1024,    1,    1","  256,    1,    1","19,137",0.02,15.58,60.29,28
16,11,StaticMux,"StaticMux(short **, short *)",[446416] waveform_synthesis,Quadro RTX 6000," 1024,    1,    1","  256,    1,    1","26,572",0.02,11.27,43.20,28
17,11,StaticMux,"StaticMux(short **, short *)",[446416] waveform_synthesis,Quadro RTX 6000," 1024,    1,    1","  256,    1,    1","19,216",0.02,15.52,60.25,28
18,12,StaticMux,"StaticMux(short **, short *)",[446416] waveform_synthesis,Quadro RTX 6000," 1024,    1,    1","  256,    1,    1","19,389",0.02,15.38,59.42,28
19,11,StaticMux,"StaticMux(short **, short *)",[446416] waveform_synthesis,Quadro RTX 6000," 1024,    1,    1","  256,    1,    1","19,405",0.02,15.36,87.26,28
20,11,StaticMux,"StaticMux(short **, short *)",[446416] waveform_synthesis,Quadro RTX 6000," 1024,    1,    1","  256,    1,    1","19,285",0.02,15.44,59.95,28
21,12,StaticMux,"StaticMux(short **, short *)",[446416] waveform_synthesis,Quadro RTX 6000," 1024,    1,    1","  256,    1,    1","19,441",0.02,15.34,59.77,28
22,12,StaticMux,"StaticMux(short **, short *)",[446416] waveform_synthesis,Quadro RTX 6000," 1024,    1,    1","  256,    1,    1","19,342",0.02,15.43,87.46,28
23,11,StaticMux,"StaticMux(short **, short *)",[446416] waveform_synthesis,Quadro RTX 6000," 1024,    1,    1","  256,    1,    1","19,422",0.02,15.35,59.64,28
24,12,StaticMux,"StaticMux(short **, short *)",[446416] waveform_synthesis,Quadro RTX 6000," 1024,    1,    1","  256,    1,    1","19,169",0.02,15.61,59.21,28
25,11,StaticMux,"StaticMux(short **, short *)",[446416] waveform_synthesis,Quadro RTX 6000," 1024,    1,    1","  256,    1,    1","19,428",0.02,15.34,59.66,28
26,11,StaticMux,"StaticMux(short **, short *)",[446416] waveform_synthesis,Quadro RTX 6000," 1024,    1,    1","  256,    1,    1","28,068",0.02,10.60,41.53,28
27,11,StaticMux,"StaticMux(short **, short *)",[446416] waveform_synthesis,Quadro RTX 6000," 1024,    1,    1","  256,    1,    1","19,285",0.02,15.44,59.92,28
28,12,StaticMux,"StaticMux(short **, short *)",[446416] waveform_synthesis,Quadro RTX 6000," 1024,    1,    1","  256,    1,    1","19,174",0.02,15.54,60.20,28
29,11,StaticMux,"StaticMux(short **, short *)",[446416] waveform_synthesis,Quadro RTX 6000," 1024,    1,    1","  256,    1,    1","20,210",0.02,14.76,57.21,28
30,12,StaticMux,"StaticMux(short **, short *)",[446416] waveform_synthesis,Quadro RTX 6000," 1024,    1,    1","  256,    1,    1","19,428",0.02,15.34,59.77,28
31,12,StaticMux,"StaticMux(short **, short *)",[446416] waveform_synthesis,Quadro RTX 6000," 1024,    1,    1","  256,    1,    1","19,188",0.02,15.53,60.81,28
32,11,StaticMux,"StaticMux(short **, short *)",[446416] waveform_synthesis,Quadro RTX 6000," 1024,    1,    1","  256,    1,    1","27,374",0.02,10.88,42.49,28
33,12,StaticMux,"StaticMux(short **, short *)",[446416] waveform_synthesis,Quadro RTX 6000," 1024,    1,    1","  256,    1,    1","20,086",0.02,14.84,57.68,28
34,11,StaticMux,"StaticMux(short **, short *)",[446416] waveform_synthesis,Quadro RTX 6000," 1024,    1,    1","  256,    1,    1","19,453",0.02,15.32,59.53,28
35,11,StaticMux,"StaticMux(short **, short *)",[446416] waveform_synthesis,Quadro RTX 6000," 1024,    1,    1","  256,    1,    1","19,421",0.02,15.36,59.66,28
36,12,StaticMux,"StaticMux(short **, short *)",[446416] waveform_synthesis,Quadro RTX 6000," 1024,    1,    1","  256,    1,    1","19,371",0.02,15.38,82.48,28
37,11,StaticMux,"StaticMux(short **, short *)",[446416] waveform_synthesis,Quadro RTX 6000," 1024,    1,    1","  256,    1,    1","19,313",0.02,15.44,60.26,28
38,12,StaticMux,"StaticMux(short **, short *)",[446416] waveform_synthesis,Quadro RTX 6000," 1024,    1,    1","  256,    1,    1","19,301",0.02,15.45,83.08,28
39,11,StaticMux,"StaticMux(short **, short *)",[446416] waveform_synthesis,Quadro RTX 6000," 1024,    1,    1","  256,    1,    1","26,355",0.02,11.35,43.44,28
40,13,AccelCombine,"AccelCombine(unsigned long long, short **, short **, double *, double *, double *, double *)",[446416] waveform_synthesis,Quadro RTX 6000,"  512,    1,    1","  256,    1,    1","99,514",0.07,76.70,12.29,47
41,11,StaticMux,"StaticMux(short **, short *)",[446416] waveform_synthesis,Quadro RTX 6000," 1024,    1,    1","  256,    1,    1","26,035",0.02,11.44,45.05,28
42,13,AccelCombine,"AccelCombine(unsigned long long, short **, short **, double *, double *, double *, double *)",[446416] waveform_synthesis,Quadro RTX 6000,"  512,    1,    1","  256,    1,    1","99,699",0.07,76.09,12.49,47
43,12,StaticMux,"StaticMux(short **, short *)",[446416] waveform_synthesis,Quadro RTX 6000," 1024,    1,    1","  256,    1,    1","19,600",0.02,15.20,66.12,28
44,13,AccelCombine,"AccelCombine(unsigned long long, short **, short **, double *, double *, double *, double *)",[446416] waveform_synthesis,Quadro RTX 6000,"  512,    1,    1","  256,    1,    1","100,086",0.07,76.29,19.01,47
45,12,StaticMux,"StaticMux(short **, short *)",[446416] waveform_synthesis,Quadro RTX 6000," 1024,    1,    1","  256,    1,    1","19,202",0.02,15.54,60.60,28
46,13,AccelCombine,"AccelCombine(unsigned long long, short **, short **, double *, double *, double *, double *)",[446416] waveform_synthesis,Quadro RTX 6000,"  512,    1,    1","  256,    1,    1","99,336",0.07,76.34,12.50,47
47,12,StaticMux,"StaticMux(short **, short *)",[446416] waveform_synthesis,Quadro RTX 6000," 1024,    1,    1","  256,    1,    1","19,414",0.02,15.36,59.94,28
48,13,AccelCombine,"AccelCombine(unsigned long long, short **, short **, double *, double *, double *, double *)",[446416] waveform_synthesis,Quadro RTX 6000,"  512,    1,    1","  256,    1,    1","99,215",0.07,76.43,12.56,47
49,11,StaticMux,"StaticMux(short **, short *)",[446416] waveform_synthesis,Quadro RTX 6000," 1024,    1,    1","  256,    1,    1","27,077",0.02,11.05,42.40,28
50,13,AccelCombine,"AccelCombine(unsigned long long, short **, short **, double *, double *, double *, double *)",[446416] waveform_synthesis,Quadro RTX 6000,"  512,    1,    1","  256,    1,    1","99,223",0.07,76.40,19.39,47
51,12,StaticMux,"StaticMux(short **, short *)",[446416] waveform_synthesis,Quadro RTX 6000," 1024,    1,    1","  256,    1,    1","19,445",0.02,15.34,59.62,28
52,13,AccelCombine,"AccelCombine(unsigned long long, short **, short **, double *, double *, double *, double *)",[446416] waveform_synthesis,Quadro RTX 6000,"  512,    1,    1","  256,    1,    1","99,731",0.07,76.02,12.41,47
53,11,StaticMux,"StaticMux(short **, short *)",[446416] waveform_synthesis,Quadro RTX 6000," 1024,    1,    1","  256,    1,    1","19,445",0.02,15.33,60.05,28
54,13,AccelCombine,"AccelCombine(unsigned long long, short **, short **, double *, double *, double *, double *)",[446416] waveform_synthesis,Quadro RTX 6000,"  512,    1,    1","  256,    1,    1","100,988",0.07,75.08,12.29,47
55,12,StaticMux,"StaticMux(short **, short *)",[446416] waveform_synthesis,Quadro RTX 6000," 1024,    1,    1","  256,    1,    1","19,172",0.02,15.55,87.37,28
56,13,AccelCombine,"AccelCombine(unsigned long long, short **, short **, double *, double *, double *, double *)",[446416] waveform_synthesis,Quadro RTX 6000,"  512,    1,    1","  256,    1,    1","99,501",0.07,76.20,12.53,47
57,12,StaticMux,"StaticMux(short **, short *)",[446416] waveform_synthesis,Quadro RTX 6000," 1024,    1,    1","  256,    1,    1","19,268",0.02,15.48,60.55,28
58,13,AccelCombine,"AccelCombine(unsigned long long, short **, short **, double *, double *, double *, double *)",[446416] waveform_synthesis,Quadro RTX 6000,"  512,    1,    1","  256,    1,    1","99,665",0.07,76.09,12.41,47
59,11,StaticMux,"StaticMux(short **, short *)",[446416] waveform_synthesis,Quadro RTX 6000," 1024,    1,    1","  256,    1,    1","19,498",0.02,15.30,59.39,28
60,13,AccelCombine,"AccelCombine(unsigned long long, short **, short **, double *, double *, double *, double *)",[446416] waveform_synthesis,Quadro RTX 6000,"  512,    1,    1","  256,    1,    1","99,979",0.07,75.83,12.44,47
61,11,StaticMux,"StaticMux(short **, short *)",[446416] waveform_synthesis,Quadro RTX 6000," 1024,    1,    1","  256,    1,    1","19,346",0.02,15.41,87.04,28
62,13,AccelCombine,"AccelCombine(unsigned long long, short **, short **, double *, double *, double *, double *)",[446416] waveform_synthesis,Quadro RTX 6000,"  512,    1,    1","  256,    1,    1","99,314",0.07,76.35,12.67,47
63,11,StaticMux,"StaticMux(short **, short *)",[446416] waveform_synthesis,Quadro RTX 6000," 1024,    1,    1","  256,    1,    1","25,390",0.02,11.73,46.16,28
64,13,AccelCombine,"AccelCombine(unsigned long long, short **, short **, double *, double *, double *, double *)",[446416] waveform_synthesis,Quadro RTX 6000,"  512,    1,    1","  256,    1,    1","99,443",0.07,76.25,19.81,47
65,12,StaticMux,"StaticMux(short **, short *)",[446416] waveform_synthesis,Quadro RTX 6000," 1024,    1,    1","  256,    1,    1","19,337",0.02,15.44,60.59,28
66,13,AccelCombine,"AccelCombine(unsigned long long, short **, short **, double *, double *, double *, double *)",[446416] waveform_synthesis,Quadro RTX 6000,"  512,    1,    1","  256,    1,    1","99,686",0.07,76.06,12.47,47
67,11,StaticMux,"StaticMux(short **, short *)",[446416] waveform_synthesis,Quadro RTX 6000," 1024,    1,    1","  256,    1,    1","27,037",0.02,11.01,43.11,28
68,13,AccelCombine,"AccelCombine(unsigned long long, short **, short **, double *, double *, double *, double *)",[446416] waveform_synthesis,Quadro RTX 6000,"  512,    1,    1","  256,    1,    1","99,401",0.07,76.27,19.80,47
69,12,StaticMux,"StaticMux(short **, short *)",[446416] waveform_synthesis,Quadro RTX 6000," 1024,    1,    1","  256,    1,    1","19,481",0.02,15.37,58.31,28
70,13,AccelCombine,"AccelCombine(unsigned long long, short **, short **, double *, double *, double *, double *)",[446416] waveform_synthesis,Quadro RTX 6000,"  512,    1,    1","  256,    1,    1","99,892",0.07,76.43,12.30,47
71,12,StaticMux,"StaticMux(short **, short *)",[446416] waveform_synthesis,Quadro RTX 6000," 1024,    1,    1","  256,    1,    1","25,362",0.02,11.73,51.31,28
72,13,AccelCombine,"AccelCombine(unsigned long long, short **, short **, double *, double *, double *, double *)",[446416] waveform_synthesis,Quadro RTX 6000,"  512,    1,    1","  256,    1,    1","100,251",0.07,76.14,19.04,47
73,11,StaticMux,"StaticMux(short **, short *)",[446416] waveform_synthesis,Quadro RTX 6000," 1024,    1,    1","  256,    1,    1","27,154",0.02,10.97,43.02,28
74,13,AccelCombine,"AccelCombine(unsigned long long, short **, short **, double *, double *, double *, double *)",[446416] waveform_synthesis,Quadro RTX 6000,"  512,    1,    1","  256,    1,    1","99,786",0.07,76.00,19.58,47
75,12,StaticMux,"StaticMux(short **, short *)",[446416] waveform_synthesis,Quadro RTX 6000," 1024,    1,    1","  256,    1,    1","19,480",0.02,15.30,59.44,28
76,13,AccelCombine,"AccelCombine(unsigned long long, short **, short **, double *, double *, double *, double *)",[446416] waveform_synthesis,Quadro RTX 6000,"  512,    1,    1","  256,    1,    1","99,212",0.07,76.44,12.68,47
77,12,StaticMux,"StaticMux(short **, short *)",[446416] waveform_synthesis,Quadro RTX 6000," 1024,    1,    1","  256,    1,    1","19,855",0.02,15.01,58.63,28
78,13,AccelCombine,"AccelCombine(unsigned long long, short **, short **, double *, double *, double *, double *)",[446416] waveform_synthesis,Quadro RTX 6000,"  512,    1,    1","  256,    1,    1","99,528",0.07,76.18,12.46,47
79,11,StaticMux,"StaticMux(short **, short *)",[446416] waveform_synthesis,Quadro RTX 6000," 1024,    1,    1","  256,    1,    1","19,329",0.02,15.42,87.09,28
80,13,AccelCombine,"AccelCombine(unsigned long long, short **, short **, double *, double *, double *, double *)",[446416] waveform_synthesis,Quadro RTX 6000,"  512,    1,    1","  256,    1,    1","99,427",0.07,76.26,12.48,47
81,12,StaticMux,"StaticMux(short **, short *)",[446416] waveform_synthesis,Quadro RTX 6000," 1024,    1,    1","  256,    1,    1","19,509",0.02,15.28,87.02,28
82,13,AccelCombine,"AccelCombine(unsigned long long, short **, short **, double *, double *, double *, double *)",[446416] waveform_synthesis,Quadro RTX 6000,"  512,    1,    1","  256,    1,    1","99,600",0.07,76.14,12.44,47
83,11,StaticMux,"StaticMux(short **, short *)",[446416] waveform_synthesis,Quadro RTX 6000," 1024,    1,    1","  256,    1,    1","19,200",0.02,15.60,85.85,28
84,13,AccelCombine,"AccelCombine(unsigned long long, short **, short **, double *, double *, double *, double *)",[446416] waveform_synthesis,Quadro RTX 6000,"  512,    1,    1","  256,    1,    1","99,194",0.07,76.45,12.55,47
85,11,StaticMux,"StaticMux(short **, short *)",[446416] waveform_synthesis,Quadro RTX 6000," 1024,    1,    1","  256,    1,    1","25,424",0.02,11.71,45.95,28
86,13,AccelCombine,"AccelCombine(unsigned long long, short **, short **, double *, double *, double *, double *)",[446416] waveform_synthesis,Quadro RTX 6000,"  512,    1,    1","  256,    1,    1","99,338",0.07,76.32,12.46,47
87,11,StaticMux,"StaticMux(short **, short *)",[446416] waveform_synthesis,Quadro RTX 6000," 1024,    1,    1","  256,    1,    1","19,517",0.02,15.27,59.42,28
88,13,AccelCombine,"AccelCombine(unsigned long long, short **, short **, double *, double *, double *, double *)",[446416] waveform_synthesis,Quadro RTX 6000,"  512,    1,    1","  256,    1,    1","99,612",0.07,76.13,12.44,47
89,12,StaticMux,"StaticMux(short **, short *)",[446416] waveform_synthesis,Quadro RTX 6000," 1024,    1,    1","  256,    1,    1","19,379",0.02,15.39,60.53,28
90,13,AccelCombine,"AccelCombine(unsigned long long, short **, short **, double *, double *, double *, double *)",[446416] waveform_synthesis,Quadro RTX 6000,"  512,    1,    1","  256,    1,    1","99,045",0.07,76.56,12.54,47
91,12,StaticMux,"StaticMux(short **, short *)",[446416] waveform_synthesis,Quadro RTX 6000," 1024,    1,    1","  256,    1,    1","19,705",0.02,15.14,59.20,28
92,13,AccelCombine,"AccelCombine(unsigned long long, short **, short **, double *, double *, double *, double *)",[446416] waveform_synthesis,Quadro RTX 6000,"  512,    1,    1","  256,    1,    1","101,076",0.07,75.01,12.31,47
93,11,StaticMux,"StaticMux(short **, short *)",[446416] waveform_synthesis,Quadro RTX 6000," 1024,    1,    1","  256,    1,    1","19,316",0.02,15.45,60.45,28
94,13,AccelCombine,"AccelCombine(unsigned long long, short **, short **, double *, double *, double *, double *)",[446416] waveform_synthesis,Quadro RTX 6000,"  512,    1,    1","  256,    1,    1","99,243",0.07,76.40,13.24,47
95,12,StaticMux,"StaticMux(short **, short *)",[446416] waveform_synthesis,Quadro RTX 6000," 1024,    1,    1","  256,    1,    1","19,259",0.02,15.48,60.52,28
96,13,AccelCombine,"AccelCombine(unsigned long long, short **, short **, double *, double *, double *, double *)",[446416] waveform_synthesis,Quadro RTX 6000,"  512,    1,    1","  256,    1,    1","99,315",0.07,76.36,12.50,47
97,11,StaticMux,"StaticMux(short **, short *)",[446416] waveform_synthesis,Quadro RTX 6000," 1024,    1,    1","  256,    1,    1","19,655",0.02,15.15,59.77,28
98,13,AccelCombine,"AccelCombine(unsigned long long, short **, short **, double *, double *, double *, double *)",[446416] waveform_synthesis,Quadro RTX 6000,"  512,    1,    1","  256,    1,    1","99,500",0.07,76.20,19.73,47
99,11,StaticMux,"StaticMux(short **, short *)",[446416] waveform_synthesis,Quadro RTX 6000," 1024,    1,    1","  256,    1,    1","26,855",0.02,11.09,43.51,28
100,13,AccelCombine,"AccelCombine(unsigned long long, short **, short **, double *, double *, double *, double *)",[446416] waveform_synthesis,Quadro RTX 6000,"  512,    1,    1","  256,    1,    1","99,301",0.07,76.37,12.48,47
101,11,StaticMux,"StaticMux(short **, short *)",[446416] waveform_synthesis,Quadro RTX 6000," 1024,    1,    1","  256,    1,    1","27,114",0.02,10.98,43.17,28
102,13,AccelCombine,"AccelCombine(unsigned long long, short **, short **, double *, double *, double *, double *)",[446416] waveform_synthesis,Quadro RTX 6000,"  512,    1,    1","  256,    1,    1","99,126",0.07,76.50,12.52,47
103,11,StaticMux,"StaticMux(short **, short *)",[446416] waveform_synthesis,Quadro RTX 6000," 1024,    1,    1","  256,    1,    1","19,334",0.02,15.43,60.49,28
104,13,AccelCombine,"AccelCombine(unsigned long long, short **, short **, double *, double *, double *, double *)",[446416] waveform_synthesis,Quadro RTX 6000,"  512,    1,    1","  256,    1,    1","99,280",0.07,76.37,12.51,47
105,12,StaticMux,"StaticMux(short **, short *)",[446416] waveform_synthesis,Quadro RTX 6000," 1024,    1,    1","  256,    1,    1","19,648",0.02,15.18,59.23,28
106,13,AccelCombine,"AccelCombine(unsigned long long, short **, short **, double *, double *, double *, double *)",[446416] waveform_synthesis,Quadro RTX 6000,"  512,    1,    1","  256,    1,    1","100,200",0.07,76.20,12.35,47
107,12,StaticMux,"StaticMux(short **, short *)",[446416] waveform_synthesis,Quadro RTX 6000," 1024,    1,    1","  256,    1,    1","19,316",0.02,15.43,61.74,28
108,13,AccelCombine,"AccelCombine(unsigned long long, short **, short **, double *, double *, double *, double *)",[446416] waveform_synthesis,Quadro RTX 6000,"  512,    1,    1","  256,    1,    1","99,413",0.07,76.27,12.45,47
109,11,StaticMux,"StaticMux(short **, short *)",[446416] waveform_synthesis,Quadro RTX 6000," 1024,    1,    1","  256,    1,    1","19,581",0.02,15.24,86.82,28
110,13,AccelCombine,"AccelCombine(unsigned long long, short **, short **, double *, double *, double *, double *)",[446416] waveform_synthesis,Quadro RTX 6000,"  512,    1,    1","  256,    1,    1","99,776",0.07,76.48,12.29,47
111,12,StaticMux,"StaticMux(short **, short *)",[446416] waveform_synthesis,Quadro RTX 6000," 1024,    1,    1","  256,    1,    1","19,194",0.02,15.61,59.47,28
112,13,AccelCombine,"AccelCombine(unsigned long long, short **, short **, double *, double *, double *, double *)",[446416] waveform_synthesis,Quadro RTX 6000,"  512,    1,    1","  256,    1,    1","99,451",0.07,76.25,12.49,47
113,12,StaticMux,"StaticMux(short **, short *)",[446416] waveform_synthesis,Quadro RTX 6000," 1024,    1,    1","  256,    1,    1","19,452",0.02,15.32,59.95,28
114,13,AccelCombine,"AccelCombine(unsigned long long, short **, short **, double *, double *, double *, double *)",[446416] waveform_synthesis,Quadro RTX 6000,"  512,    1,    1","  256,    1,    1","99,394",0.07,76.30,12.51,47
115,12,StaticMux,"StaticMux(short **, short *)",[446416] waveform_synthesis,Quadro RTX 6000," 1024,    1,    1","  256,    1,    1","18,916",0.02,15.77,89.99,28
116,13,AccelCombine,"AccelCombine(unsigned long long, short **, short **, double *, double *, double *, double *)",[446416] waveform_synthesis,Quadro RTX 6000,"  512,    1,    1","  256,    1,    1","99,963",0.07,75.84,12.44,47
117,12,StaticMux,"StaticMux(short **, short *)",[446416] waveform_synthesis,Quadro RTX 6000," 1024,    1,    1","  256,    1,    1","19,533",0.02,15.26,59.78,28
118,13,AccelCombine,"AccelCombine(unsigned long long, short **, short **, double *, double *, double *, double *)",[446416] waveform_synthesis,Quadro RTX 6000,"  512,    1,    1","  256,    1,    1","99,641",0.07,76.11,12.48,47
119,11,StaticMux,"StaticMux(short **, short *)",[446416] waveform_synthesis,Quadro RTX 6000," 1024,    1,    1","  256,    1,    1","25,333",0.02,11.75,45.99,28
120,13,AccelCombine,"AccelCombine(unsigned long long, short **, short **, double *, double *, double *, double *)",[446416] waveform_synthesis,Quadro RTX 6000,"  512,    1,    1","  256,    1,    1","99,361",0.07,76.33,25.08,47
121,12,StaticMux,"StaticMux(short **, short *)",[446416] waveform_synthesis,Quadro RTX 6000," 1024,    1,    1","  256,    1,    1","19,565",0.02,15.25,59.21,28
122,13,AccelCombine,"AccelCombine(unsigned long long, short **, short **, double *, double *, double *, double *)",[446416] waveform_synthesis,Quadro RTX 6000,"  512,    1,    1","  256,    1,    1","99,622",0.07,76.66,12.46,47
123,11,StaticMux,"StaticMux(short **, short *)",[446416] waveform_synthesis,Quadro RTX 6000," 1024,    1,    1","  256,    1,    1","19,401",0.02,15.36,60.07,28
124,13,AccelCombine,"AccelCombine(unsigned long long, short **, short **, double *, double *, double *, double *)",[446416] waveform_synthesis,Quadro RTX 6000,"  512,    1,    1","  256,    1,    1","99,370",0.07,76.31,12.50,47
125,12,StaticMux,"StaticMux(short **, short *)",[446416] waveform_synthesis,Quadro RTX 6000," 1024,    1,    1","  256,    1,    1","19,046",0.02,15.65,88.98,28
126,13,AccelCombine,"AccelCombine(unsigned long long, short **, short **, double *, double *, double *, double *)",[446416] waveform_synthesis,Quadro RTX 6000,"  512,    1,    1","  256,    1,    1","99,179",0.07,76.46,12.51,47
127,12,StaticMux,"StaticMux(short **, short *)",[446416] waveform_synthesis,Quadro RTX 6000," 1024,    1,    1","  256,    1,    1","19,113",0.02,15.68,59.66,28
128,13,AccelCombine,"AccelCombine(unsigned long long, short **, short **, double *, double *, double *, double *)",[446416] waveform_synthesis,Quadro RTX 6000,"  512,    1,    1","  256,    1,    1","99,425",0.07,76.26,19.60,47
129,11,StaticMux,"StaticMux(short **, short *)",[446416] waveform_synthesis,Quadro RTX 6000," 1024,    1,    1","  256,    1,    1","19,449",0.02,15.41,58.68,28
130,13,AccelCombine,"AccelCombine(unsigned long long, short **, short **, double *, double *, double *, double *)",[446416] waveform_synthesis,Quadro RTX 6000,"  512,    1,    1","  256,    1,    1","100,191",0.07,76.15,19.47,47
131,12,StaticMux,"StaticMux(short **, short *)",[446416] waveform_synthesis,Quadro RTX 6000," 1024,    1,    1","  256,    1,    1","19,685",0.02,15.14,59.49,28
132,13,AccelCombine,"AccelCombine(unsigned long long, short **, short **, double *, double *, double *, double *)",[446416] waveform_synthesis,Quadro RTX 6000,"  512,    1,    1","  256,    1,    1","99,285",0.07,76.37,18.37,47
133,12,StaticMux,"StaticMux(short **, short *)",[446416] waveform_synthesis,Quadro RTX 6000," 1024,    1,    1","  256,    1,    1","19,486",0.02,15.31,59.69,28
134,13,AccelCombine,"AccelCombine(unsigned long long, short **, short **, double *, double *, double *, double *)",[446416] waveform_synthesis,Quadro RTX 6000,"  512,    1,    1","  256,    1,    1","101,143",0.07,74.98,12.22,47
135,12,StaticMux,"StaticMux(short **, short *)",[446416] waveform_synthesis,Quadro RTX 6000," 1024,    1,    1","  256,    1,    1","19,721",0.02,15.11,59.14,28
136,13,AccelCombine,"AccelCombine(unsigned long long, short **, short **, double *, double *, double *, double *)",[446416] waveform_synthesis,Quadro RTX 6000,"  512,    1,    1","  256,    1,    1","99,132",0.07,76.49,12.52,47
137,11,StaticMux,"StaticMux(short **, short *)",[446416] waveform_synthesis,Quadro RTX 6000," 1024,    1,    1","  256,    1,    1","27,069",0.02,11.00,43.14,28
138,13,AccelCombine,"AccelCombine(unsigned long long, short **, short **, double *, double *, double *, double *)",[446416] waveform_synthesis,Quadro RTX 6000,"  512,    1,    1","  256,    1,    1","99,369",0.07,76.31,12.53,47
139,12,StaticMux,"StaticMux(short **, short *)",[446416] waveform_synthesis,Quadro RTX 6000," 1024,    1,    1","  256,    1,    1","19,394",0.02,15.37,60.04,28
140,13,AccelCombine,"AccelCombine(unsigned long long, short **, short **, double *, double *, double *, double *)",[446416] waveform_synthesis,Quadro RTX 6000,"  512,    1,    1","  256,    1,    1","99,470",0.07,76.22,12.90,47
141,11,StaticMux,"StaticMux(short **, short *)",[446416] waveform_synthesis,Quadro RTX 6000," 1024,    1,    1","  256,    1,    1","19,279",0.02,15.53,86.30,28
142,13,AccelCombine,"AccelCombine(unsigned long long, short **, short **, double *, double *, double *, double *)",[446416] waveform_synthesis,Quadro RTX 6000,"  512,    1,    1","  256,    1,    1","99,367",0.07,76.30,12.48,47
143,11,StaticMux,"StaticMux(short **, short *)",[446416] waveform_synthesis,Quadro RTX 6000," 1024,    1,    1","  256,    1,    1","19,418",0.02,15.36,59.91,28
144,13,AccelCombine,"AccelCombine(unsigned long long, short **, short **, double *, double *, double *, double *)",[446416] waveform_synthesis,Quadro RTX 6000,"  512,    1,    1","  256,    1,    1","99,376",0.07,76.30,12.51,47
145,12,StaticMux,"StaticMux(short **, short *)",[446416] waveform_synthesis,Quadro RTX 6000," 1024,    1,    1","  256,    1,    1","19,565",0.02,15.25,59.66,28
146,13,AccelCombine,"AccelCombine(unsigned long long, short **, short **, double *, double *, double *, double *)",[446416] waveform_synthesis,Quadro RTX 6000,"  512,    1,    1","  256,    1,    1","99,706",0.07,76.58,12.26,47
147,11,StaticMux,"StaticMux(short **, short *)",[446416] waveform_synthesis,Quadro RTX 6000," 1024,    1,    1","  256,    1,    1","25,095",0.02,11.87,46.52,28
148,13,AccelCombine,"AccelCombine(unsigned long long, short **, short **, double *, double *, double *, double *)",[446416] waveform_synthesis,Quadro RTX 6000,"  512,    1,    1","  256,    1,    1","100,900",0.07,75.14,12.26,47
149,12,StaticMux,"StaticMux(short **, short *)",[446416] waveform_synthesis,Quadro RTX 6000," 1024,    1,    1","  256,    1,    1","19,307",0.02,15.45,60.10,28
150,13,AccelCombine,"AccelCombine(unsigned long long, short **, short **, double *, double *, double *, double *)",[446416] waveform_synthesis,Quadro RTX 6000,"  512,    1,    1","  256,    1,    1","99,588",0.07,76.13,19.46,47
151,12,StaticMux,"StaticMux(short **, short *)",[446416] waveform_synthesis,Quadro RTX 6000," 1024,    1,    1","  256,    1,    1","19,518",0.02,15.27,65.14,28
152,13,AccelCombine,"AccelCombine(unsigned long long, short **, short **, double *, double *, double *, double *)",[446416] waveform_synthesis,Quadro RTX 6000,"  512,    1,    1","  256,    1,    1","99,581",0.07,76.15,12.49,47
153,12,StaticMux,"StaticMux(short **, short *)",[446416] waveform_synthesis,Quadro RTX 6000," 1024,    1,    1","  256,    1,    1","19,485",0.02,15.32,61.12,28
154,13,AccelCombine,"AccelCombine(unsigned long long, short **, short **, double *, double *, double *, double *)",[446416] waveform_synthesis,Quadro RTX 6000,"  512,    1,    1","  256,    1,    1","100,679",0.07,75.86,12.19,47
155,12,StaticMux,"StaticMux(short **, short *)",[446416] waveform_synthesis,Quadro RTX 6000," 1024,    1,    1","  256,    1,    1","19,171",0.02,15.55,88.51,28
156,13,AccelCombine,"AccelCombine(unsigned long long, short **, short **, double *, double *, double *, double *)",[446416] waveform_synthesis,Quadro RTX 6000,"  512,    1,    1","  256,    1,    1","99,694",0.07,76.07,19.39,47
157,11,StaticMux,"StaticMux(short **, short *)",[446416] waveform_synthesis,Quadro RTX 6000," 1024,    1,    1","  256,    1,    1","27,218",0.02,10.95,43.04,28
158,13,AccelCombine,"AccelCombine(unsigned long long, short **, short **, double *, double *, double *, double *)",[446416] waveform_synthesis,Quadro RTX 6000,"  512,    1,    1","  256,    1,    1","99,148",0.07,76.47,12.46,47
159,11,StaticMux,"StaticMux(short **, short *)",[446416] waveform_synthesis,Quadro RTX 6000," 1024,    1,    1","  256,    1,    1","27,316",0.02,10.90,42.78,28
160,13,AccelCombine,"AccelCombine(unsigned long long, short **, short **, double *, double *, double *, double *)",[446416] waveform_synthesis,Quadro RTX 6000,"  512,    1,    1","  256,    1,    1","100,848",0.07,75.18,12.30,47
161,11,StaticMux,"StaticMux(short **, short *)",[446416] waveform_synthesis,Quadro RTX 6000," 1024,    1,    1","  256,    1,    1","19,241",0.02,15.50,88.52,28
162,13,AccelCombine,"AccelCombine(unsigned long long, short **, short **, double *, double *, double *, double *)",[446416] waveform_synthesis,Quadro RTX 6000,"  512,    1,    1","  256,    1,    1","99,459",0.07,76.24,12.49,47
163,12,StaticMux,"StaticMux(short **, short *)",[446416] waveform_synthesis,Quadro RTX 6000," 1024,    1,    1","  256,    1,    1","19,627",0.02,15.19,59.18,28
164,13,AccelCombine,"AccelCombine(unsigned long long, short **, short **, double *, double *, double *, double *)",[446416] waveform_synthesis,Quadro RTX 6000,"  512,    1,    1","  256,    1,    1","99,290",0.07,76.38,19.32,47
165,11,StaticMux,"StaticMux(short **, short *)",[446416] waveform_synthesis,Quadro RTX 6000," 1024,    1,    1","  256,    1,    1","26,913",0.02,11.06,43.60,28
166,13,AccelCombine,"AccelCombine(unsigned long long, short **, short **, double *, double *, double *, double *)",[446416] waveform_synthesis,Quadro RTX 6000,"  512,    1,    1","  256,    1,    1","99,341",0.07,76.32,12.68,47
167,11,StaticMux,"StaticMux(short **, short *)",[446416] waveform_synthesis,Quadro RTX 6000," 1024,    1,    1","  256,    1,    1","26,844",0.02,11.16,42.65,28
168,13,AccelCombine,"AccelCombine(unsigned long long, short **, short **, double *, double *, double *, double *)",[446416] waveform_synthesis,Quadro RTX 6000,"  512,    1,    1","  256,    1,    1","99,802",0.07,76.48,12.30,47
169,11,StaticMux,"StaticMux(short **, short *)",[446416] waveform_synthesis,Quadro RTX 6000," 1024,    1,    1","  256,    1,    1","19,418",0.02,15.42,85.40,28
170,13,AccelCombine,"AccelCombine(unsigned long long, short **, short **, double *, double *, double *, double *)",[446416] waveform_synthesis,Quadro RTX 6000,"  512,    1,    1","  256,    1,    1","99,026",0.07,76.58,12.57,47
171,11,StaticMux,"StaticMux(short **, short *)",[446416] waveform_synthesis,Quadro RTX 6000," 1024,    1,    1","  256,    1,    1","27,374",0.02,10.87,42.88,28
172,13,AccelCombine,"AccelCombine(unsigned long long, short **, short **, double *, double *, double *, double *)",[446416] waveform_synthesis,Quadro RTX 6000,"  512,    1,    1","  256,    1,    1","99,251",0.07,76.39,12.48,47
173,12,StaticMux,"StaticMux(short **, short *)",[446416] waveform_synthesis,Quadro RTX 6000," 1024,    1,    1","  256,    1,    1","19,549",0.02,15.26,85.66,28
174,13,AccelCombine,"AccelCombine(unsigned long long, short **, short **, double *, double *, double *, double *)",[446416] waveform_synthesis,Quadro RTX 6000,"  512,    1,    1","  256,    1,    1","99,800",0.07,75.97,12.46,47
175,12,StaticMux,"StaticMux(short **, short *)",[446416] waveform_synthesis,Quadro RTX 6000," 1024,    1,    1","  256,    1,    1","19,621",0.02,15.22,59.24,28
176,13,AccelCombine,"AccelCombine(unsigned long long, short **, short **, double *, double *, double *, double *)",[446416] waveform_synthesis,Quadro RTX 6000,"  512,    1,    1","  256,    1,    1","99,242",0.07,76.41,12.48,47
177,11,StaticMux,"StaticMux(short **, short *)",[446416] waveform_synthesis,Quadro RTX 6000," 1024,    1,    1","  256,    1,    1","19,812",0.02,15.06,58.90,28
178,13,AccelCombine,"AccelCombine(unsigned long long, short **, short **, double *, double *, double *, double *)",[446416] waveform_synthesis,Quadro RTX 6000,"  512,    1,    1","  256,    1,    1","99,438",0.07,76.26,12.48,47
179,12,StaticMux,"StaticMux(short **, short *)",[446416] waveform_synthesis,Quadro RTX 6000," 1024,    1,    1","  256,    1,    1","19,167",0.02,15.62,86.44,28
180,13,AccelCombine,"AccelCombine(unsigned long long, short **, short **, double *, double *, double *, double *)",[446416] waveform_synthesis,Quadro RTX 6000,"  512,    1,    1","  256,    1,    1","99,480",0.07,76.23,12.46,47
181,12,StaticMux,"StaticMux(short **, short *)",[446416] waveform_synthesis,Quadro RTX 6000," 1024,    1,    1","  256,    1,    1","19,489",0.02,15.30,59.94,28
182,13,AccelCombine,"AccelCombine(unsigned long long, short **, short **, double *, double *, double *, double *)",[446416] waveform_synthesis,Quadro RTX 6000,"  512,    1,    1","  256,    1,    1","99,412",0.07,76.28,12.47,47
183,11,StaticMux,"StaticMux(short **, short *)",[446416] waveform_synthesis,Quadro RTX 6000," 1024,    1,    1","  256,    1,    1","27,096",0.02,10.98,43.03,28
184,13,AccelCombine,"AccelCombine(unsigned long long, short **, short **, double *, double *, double *, double *)",[446416] waveform_synthesis,Quadro RTX 6000,"  512,    1,    1","  256,    1,    1","99,192",0.07,76.45,12.60,47
185,11,StaticMux,"StaticMux(short **, short *)",[446416] waveform_synthesis,Quadro RTX 6000," 1024,    1,    1","  256,    1,    1","25,247",0.02,11.85,45.31,28
186,13,AccelCombine,"AccelCombine(unsigned long long, short **, short **, double *, double *, double *, double *)",[446416] waveform_synthesis,Quadro RTX 6000,"  512,    1,    1","  256,    1,    1","99,377",0.07,76.32,12.47,47
187,12,StaticMux,"StaticMux(short **, short *)",[446416] waveform_synthesis,Quadro RTX 6000," 1024,    1,    1","  256,    1,    1","19,008",0.02,15.69,61.34,28
188,13,AccelCombine,"AccelCombine(unsigned long long, short **, short **, double *, double *, double *, double *)",[446416] waveform_synthesis,Quadro RTX 6000,"  512,    1,    1","  256,    1,    1","99,368",0.07,76.30,12.69,47
189,12,StaticMux,"StaticMux(short **, short *)",[446416] waveform_synthesis,Quadro RTX 6000," 1024,    1,    1","  256,    1,    1","19,027",0.02,15.68,88.05,28
190,13,AccelCombine,"AccelCombine(unsigned long long, short **, short **, double *, double *, double *, double *)",[446416] waveform_synthesis,Quadro RTX 6000,"  512,    1,    1","  256,    1,    1","99,597",0.07,76.14,12.46,47
191,12,StaticMux,"StaticMux(short **, short *)",[446416] waveform_synthesis,Quadro RTX 6000," 1024,    1,    1","  256,    1,    1","19,411",0.02,15.36,89.63,28
192,13,AccelCombine,"AccelCombine(unsigned long long, short **, short **, double *, double *, double *, double *)",[446416] waveform_synthesis,Quadro RTX 6000,"  512,    1,    1","  256,    1,    1","99,358",0.07,76.33,12.49,47
193,12,StaticMux,"StaticMux(short **, short *)",[446416] waveform_synthesis,Quadro RTX 6000," 1024,    1,    1","  256,    1,    1","19,360",0.02,15.42,59.80,28
194,13,AccelCombine,"AccelCombine(unsigned long long, short **, short **, double *, double *, double *, double *)",[446416] waveform_synthesis,Quadro RTX 6000,"  512,    1,    1","  256,    1,    1","99,368",0.07,76.31,12.53,47
195,11,StaticMux,"StaticMux(short **, short *)",[446416] waveform_synthesis,Quadro RTX 6000," 1024,    1,    1","  256,    1,    1","19,085",0.02,15.71,86.24,28
196,13,AccelCombine,"AccelCombine(unsigned long long, short **, short **, double *, double *, double *, double *)",[446416] waveform_synthesis,Quadro RTX 6000,"  512,    1,    1","  256,    1,    1","99,480",0.07,76.25,12.45,47
197,12,StaticMux,"StaticMux(short **, short *)",[446416] waveform_synthesis,Quadro RTX 6000," 1024,    1,    1","  256,    1,    1","19,408",0.02,15.37,59.74,28
198,13,AccelCombine,"AccelCombine(unsigned long long, short **, short **, double *, double *, double *, double *)",[446416] waveform_synthesis,Quadro RTX 6000,"  512,    1,    1","  256,    1,    1","99,282",0.07,76.38,12.52,47
199,12,StaticMux,"StaticMux(short **, short *)",[446416] waveform_synthesis,Quadro RTX 6000," 1024,    1,    1","  256,    1,    1","19,383",0.02,15.39,60.50,28
200,13,AccelCombine,"AccelCombine(unsigned long long, short **, short **, double *, double *, double *, double *)",[446416] waveform_synthesis,Quadro RTX 6000,"  512,    1,    1","  256,    1,    1","101,561",0.07,75.24,12.11,47
201,12,StaticMux,"StaticMux(short **, short *)",[446416] waveform_synthesis,Quadro RTX 6000," 1024,    1,    1","  256,    1,    1","19,897",0.02,14.99,58.56,28
202,13,AccelCombine,"AccelCombine(unsigned long long, short **, short **, double *, double *, double *, double *)",[446416] waveform_synthesis,Quadro RTX 6000,"  512,    1,    1","  256,    1,    1","99,299",0.07,76.37,19.70,47
203,12,StaticMux,"StaticMux(short **, short *)",[446416] waveform_synthesis,Quadro RTX 6000," 1024,    1,    1","  256,    1,    1","19,367",0.02,15.41,66.69,28
204,13,AccelCombine,"AccelCombine(unsigned long long, short **, short **, double *, double *, double *, double *)",[446416] waveform_synthesis,Quadro RTX 6000,"  512,    1,    1","  256,    1,    1","100,835",0.07,75.18,12.29,47
205,12,StaticMux,"StaticMux(short **, short *)",[446416] waveform_synthesis,Quadro RTX 6000," 1024,    1,    1","  256,    1,    1","19,075",0.02,15.72,59.77,28
206,13,AccelCombine,"AccelCombine(unsigned long long, short **, short **, double *, double *, double *, double *)",[446416] waveform_synthesis,Quadro RTX 6000,"  512,    1,    1","  256,    1,    1","99,494",0.07,76.22,12.50,47
207,12,StaticMux,"StaticMux(short **, short *)",[446416] waveform_synthesis,Quadro RTX 6000," 1024,    1,    1","  256,    1,    1","19,274",0.02,15.49,88.18,28
208,13,AccelCombine,"AccelCombine(unsigned long long, short **, short **, double *, double *, double *, double *)",[446416] waveform_synthesis,Quadro RTX 6000,"  512,    1,    1","  256,    1,    1","99,278",0.07,76.38,12.58,47
209,11,StaticMux,"StaticMux(short **, short *)",[446416] waveform_synthesis,Quadro RTX 6000," 1024,    1,    1","  256,    1,    1","27,355",0.02,10.88,43.19,28
210,13,AccelCombine,"AccelCombine(unsigned long long, short **, short **, double *, double *, double *, double *)",[446416] waveform_synthesis,Quadro RTX 6000,"  512,    1,    1","  256,    1,    1","99,415",0.07,76.29,12.51,47
211,11,StaticMux,"StaticMux(short **, short *)",[446416] waveform_synthesis,Quadro RTX 6000," 1024,    1,    1","  256,    1,    1","18,941",0.02,15.74,89.45,28
212,13,AccelCombine,"AccelCombine(unsigned long long, short **, short **, double *, double *, double *, double *)",[446416] waveform_synthesis,Quadro RTX 6000,"  512,    1,    1","  256,    1,    1","99,341",0.07,76.33,12.47,47
213,11,StaticMux,"StaticMux(short **, short *)",[446416] waveform_synthesis,Quadro RTX 6000," 1024,    1,    1","  256,    1,    1","19,300",0.02,15.46,60.14,28
214,13,AccelCombine,"AccelCombine(unsigned long long, short **, short **, double *, double *, double *, double *)",[446416] waveform_synthesis,Quadro RTX 6000,"  512,    1,    1","  256,    1,    1","99,401",0.07,76.31,12.46,47
215,12,StaticMux,"StaticMux(short **, short *)",[446416] waveform_synthesis,Quadro RTX 6000," 1024,    1,    1","  256,    1,    1","19,566",0.02,15.25,59.55,28
216,13,AccelCombine,"AccelCombine(unsigned long long, short **, short **, double *, double *, double *, double *)",[446416] waveform_synthesis,Quadro RTX 6000,"  512,    1,    1","  256,    1,    1","100,537",0.07,75.41,12.37,47
217,12,StaticMux,"StaticMux(short **, short *)",[446416] waveform_synthesis,Quadro RTX 6000," 1024,    1,    1","  256,    1,    1","19,316",0.02,15.45,60.43,28
218,13,AccelCombine,"AccelCombine(unsigned long long, short **, short **, double *, double *, double *, double *)",[446416] waveform_synthesis,Quadro RTX 6000,"  512,    1,    1","  256,    1,    1","100,065",0.07,76.30,12.26,47
219,12,StaticMux,"StaticMux(short **, short *)",[446416] waveform_synthesis,Quadro RTX 6000," 1024,    1,    1","  256,    1,    1","19,617",0.02,15.20,59.27,28
220,13,AccelCombine,"AccelCombine(unsigned long long, short **, short **, double *, double *, double *, double *)",[446416] waveform_synthesis,Quadro RTX 6000,"  512,    1,    1","  256,    1,    1","99,333",0.07,76.34,12.47,47
221,11,StaticMux,"StaticMux(short **, short *)",[446416] waveform_synthesis,Quadro RTX 6000," 1024,    1,    1","  256,    1,    1","18,967",0.02,15.71,61.29,28
222,13,AccelCombine,"AccelCombine(unsigned long long, short **, short **, double *, double *, double *, double *)",[446416] waveform_synthesis,Quadro RTX 6000,"  512,    1,    1","  256,    1,    1","99,712",0.07,76.05,19.62,47
223,11,StaticMux,"StaticMux(short **, short *)",[446416] waveform_synthesis,Quadro RTX 6000," 1024,    1,    1","  256,    1,    1","19,437",0.02,15.34,59.87,28
224,13,AccelCombine,"AccelCombine(unsigned long long, short **, short **, double *, double *, double *, double *)",[446416] waveform_synthesis,Quadro RTX 6000,"  512,    1,    1","  256,    1,    1","99,701",0.07,76.05,12.49,47
225,11,StaticMux,"StaticMux(short **, short *)",[446416] waveform_synthesis,Quadro RTX 6000," 1024,    1,    1","  256,    1,    1","19,205",0.02,15.54,60.58,28
226,13,AccelCombine,"AccelCombine(unsigned long long, short **, short **, double *, double *, double *, double *)",[446416] waveform_synthesis,Quadro RTX 6000,"  512,    1,    1","  256,    1,    1","99,798",0.07,76.48,19.31,47
227,12,StaticMux,"StaticMux(short **, short *)",[446416] waveform_synthesis,Quadro RTX 6000," 1024,    1,    1","  256,    1,    1","19,433",0.02,15.35,59.85,28
228,13,AccelCombine,"AccelCombine(unsigned long long, short **, short **, double *, double *, double *, double *)",[446416] waveform_synthesis,Quadro RTX 6000,"  512,    1,    1","  256,    1,    1","99,413",0.07,76.27,12.50,47
229,11,StaticMux,"StaticMux(short **, short *)",[446416] waveform_synthesis,Quadro RTX 6000," 1024,    1,    1","  256,    1,    1","19,297",0.02,15.45,81.35,28
230,13,AccelCombine,"AccelCombine(unsigned long long, short **, short **, double *, double *, double *, double *)",[446416] waveform_synthesis,Quadro RTX 6000,"  512,    1,    1","  256,    1,    1","101,121",0.07,74.97,12.25,47
231,11,StaticMux,"StaticMux(short **, short *)",[446416] waveform_synthesis,Quadro RTX 6000," 1024,    1,    1","  256,    1,    1","19,426",0.02,15.35,59.91,28
232,13,AccelCombine,"AccelCombine(unsigned long long, short **, short **, double *, double *, double *, double *)",[446416] waveform_synthesis,Quadro RTX 6000,"  512,    1,    1","  256,    1,    1","99,857",0.07,76.43,12.29,47
233,11,StaticMux,"StaticMux(short **, short *)",[446416] waveform_synthesis,Quadro RTX 6000," 1024,    1,    1","  256,    1,    1","19,217",0.02,15.51,60.24,28
234,13,AccelCombine,"AccelCombine(unsigned long long, short **, short **, double *, double *, double *, double *)",[446416] waveform_synthesis,Quadro RTX 6000,"  512,    1,    1","  256,    1,    1","100,882",0.07,75.16,12.31,47
235,11,StaticMux,"StaticMux(short **, short *)",[446416] waveform_synthesis,Quadro RTX 6000," 1024,    1,    1","  256,    1,    1","19,050",0.02,15.65,61.33,28
236,13,AccelCombine,"AccelCombine(unsigned long long, short **, short **, double *, double *, double *, double *)",[446416] waveform_synthesis,Quadro RTX 6000,"  512,    1,    1","  256,    1,    1","99,390",0.07,76.32,12.50,47
237,11,StaticMux,"StaticMux(short **, short *)",[446416] waveform_synthesis,Quadro RTX 6000," 1024,    1,    1","  256,    1,    1","26,086",0.02,11.41,44.84,28
238,13,AccelCombine,"AccelCombine(unsigned long long, short **, short **, double *, double *, double *, double *)",[446416] waveform_synthesis,Quadro RTX 6000,"  512,    1,    1","  256,    1,    1","99,431",0.07,76.27,19.44,47
239,11,StaticMux,"StaticMux(short **, short *)",[446416] waveform_synthesis,Quadro RTX 6000," 1024,    1,    1","  256,    1,    1","27,113",0.02,10.98,43.05,28
240,13,AccelCombine,"AccelCombine(unsigned long long, short **, short **, double *, double *, double *, double *)",[446416] waveform_synthesis,Quadro RTX 6000,"  512,    1,    1","  256,    1,    1","99,704",0.07,76.06,19.43,47
241,11,StaticMux,"StaticMux(short **, short *)",[446416] waveform_synthesis,Quadro RTX 6000," 1024,    1,    1","  256,    1,    1","19,461",0.02,15.32,59.94,28
242,13,AccelCombine,"AccelCombine(unsigned long long, short **, short **, double *, double *, double *, double *)",[446416] waveform_synthesis,Quadro RTX 6000,"  512,    1,    1","  256,    1,    1","99,575",0.07,76.17,12.46,47
243,12,StaticMux,"StaticMux(short **, short *)",[446416] waveform_synthesis,Quadro RTX 6000," 1024,    1,    1","  256,    1,    1","19,305",0.02,15.44,59.97,28
244,13,AccelCombine,"AccelCombine(unsigned long long, short **, short **, double *, double *, double *, double *)",[446416] waveform_synthesis,Quadro RTX 6000,"  512,    1,    1","  256,    1,    1","99,352",0.07,76.32,12.45,47
245,11,StaticMux,"StaticMux(short **, short *)",[446416] waveform_synthesis,Quadro RTX 6000," 1024,    1,    1","  256,    1,    1","19,379",0.02,15.39,87.63,28
246,13,AccelCombine,"AccelCombine(unsigned long long, short **, short **, double *, double *, double *, double *)",[446416] waveform_synthesis,Quadro RTX 6000,"  512,    1,    1","  256,    1,    1","99,348",0.07,76.33,12.51,47
247,11,StaticMux,"StaticMux(short **, short *)",[446416] waveform_synthesis,Quadro RTX 6000," 1024,    1,    1","  256,    1,    1","25,262",0.02,11.79,46.18,28
248,13,AccelCombine,"AccelCombine(unsigned long long, short **, short **, double *, double *, double *, double *)",[446416] waveform_synthesis,Quadro RTX 6000,"  512,    1,    1","  256,    1,    1","100,279",0.07,76.21,12.25,47
249,12,StaticMux,"StaticMux(short **, short *)",[446416] waveform_synthesis,Quadro RTX 6000," 1024,    1,    1","  256,    1,    1","19,339",0.02,15.43,60.43,28
250,13,AccelCombine,"AccelCombine(unsigned long long, short **, short **, double *, double *, double *, double *)",[446416] waveform_synthesis,Quadro RTX 6000,"  512,    1,    1","  256,    1,    1","99,557",0.07,76.15,12.49,47
251,11,StaticMux,"StaticMux(short **, short *)",[446416] waveform_synthesis,Quadro RTX 6000," 1024,    1,    1","  256,    1,    1","19,633",0.02,15.19,85.27,28
252,13,AccelCombine,"AccelCombine(unsigned long long, short **, short **, double *, double *, double *, double *)",[446416] waveform_synthesis,Quadro RTX 6000,"  512,    1,    1","  256,    1,    1","114,416",0.08,73.46,9.90,47
253,11,StaticMux,"StaticMux(short **, short *)",[446416] waveform_synthesis,Quadro RTX 6000," 1024,    1,    1","  256,    1,    1","27,311",0.02,10.91,42.62,28
